,# Columns: time,avg_rss12,var_rss12,avg_rss13,var_rss13,avg_rss23,var_rss23,Lable
0,0,35.75,1.79,21.0,2.45,20.5,0.5,cycling
1,250,38.75,1.48,17.0,4.32,19.67,2.05,cycling
2,500,41.67,0.47,15.75,5.12,20.33,5.19,cycling
3,750,41.67,0.47,12.0,3.67,15.0,7.07,cycling
4,1000,35.0,2.83,21.67,5.56,27.0,2.12,cycling
5,1250,31.5,5.17,22.5,6.18,20.0,3.24,cycling
6,1500,31.5,6.18,22.75,1.09,18.25,3.96,cycling
7,1750,39.25,0.43,20.0,3.24,19.5,4.97,cycling
8,2000,41.5,0.5,16.25,2.28,18.0,4.64,cycling
9,2250,37.25,2.68,19.0,6.56,26.0,3.67,cycling
10,2500,33.5,2.69,23.0,1.41,20.0,1.41,cycling
11,2750,35.25,5.12,23.33,0.94,16.67,3.4,cycling
12,3000,37.75,1.3,20.75,1.64,21.75,2.49,cycling
13,3250,41.67,0.47,13.5,5.59,13.33,2.62,cycling
14,3500,37.25,4.49,17.0,4.47,21.25,2.77,cycling
15,3750,33.67,1.7,25.67,1.25,22.75,5.93,cycling
16,4000,36.25,4.76,23.5,2.18,20.25,2.49,cycling
17,4250,34.75,6.26,19.0,3.94,20.5,2.5,cycling
18,4500,41.25,1.48,17.75,5.49,21.0,2.55,cycling
19,4750,39.75,3.96,17.33,1.7,21.67,2.05,cycling
20,5000,32.25,1.92,24.5,2.29,23.0,1.58,cycling
21,5250,33.5,4.39,23.0,1.41,12.33,6.94,cycling
22,5500,36.75,4.44,23.2,2.64,17.2,2.93,cycling
23,5750,38.25,0.83,17.33,6.24,19.67,2.62,cycling
24,6000,42.0,1.87,15.5,1.8,19.25,4.87,cycling
25,6250,36.25,3.19,15.25,3.27,23.0,1.22,cycling
26,6500,31.33,1.25,24.0,1.22,25.67,1.89,cycling
27,6750,37.33,3.3,23.75,1.79,14.33,1.7,cycling
28,7000,35.5,3.35,20.5,2.29,14.5,2.29,cycling
29,7250,38.75,0.43,14.0,7.45,19.5,3.2,cycling
30,7500,41.33,1.7,13.33,3.4,11.75,3.7,cycling
31,7750,35.5,3.84,19.5,5.41,21.25,2.49,cycling
32,8000,31.75,2.49,25.0,1.22,18.25,2.17,cycling
33,8250,35.5,5.77,22.5,5.02,15.67,1.7,cycling
34,8500,36.25,2.17,16.5,6.18,16.0,3.16,cycling
35,8750,40.5,1.12,17.5,3.2,20.25,1.48,cycling
36,9000,38.25,5.54,17.5,0.5,18.75,5.07,cycling
37,9250,33.0,2.12,23.25,3.27,23.25,1.3,cycling
38,9500,34.0,3.67,17.75,9.78,16.75,1.79,cycling
39,9750,37.5,1.12,19.25,3.27,17.67,1.25,cycling
40,10000,39.75,1.3,16.5,6.87,18.75,6.3,cycling
41,10250,41.75,0.43,10.75,3.63,15.5,7.5,cycling
42,10500,38.33,0.94,18.33,4.11,25.5,1.5,cycling
43,10750,33.25,1.79,23.25,1.3,15.5,6.26,cycling
44,11000,37.67,2.36,21.25,2.95,12.33,2.87,cycling
45,11250,38.0,0.0,20.33,2.05,17.67,3.86,cycling
46,11500,41.0,1.22,15.25,5.07,14.5,8.38,cycling
47,11750,39.25,2.17,15.5,3.04,21.5,3.91,cycling
48,12000,34.0,3.74,24.75,2.49,14.67,3.68,cycling
49,12250,34.0,3.16,20.5,3.64,14.5,7.37,cycling
50,12500,37.5,1.12,18.5,2.5,15.33,2.49,cycling
51,12750,40.25,0.83,18.33,3.09,22.67,1.89,cycling
52,13000,42.0,0.0,13.0,1.41,16.0,4.08,cycling
53,13250,37.75,1.09,18.5,4.5,24.25,2.49,cycling
54,13500,32.67,0.47,25.33,0.94,18.33,6.94,cycling
55,13750,33.75,3.77,18.25,6.34,16.75,3.96,cycling
56,14000,37.5,1.12,16.5,3.64,12.75,4.66,cycling
57,14250,40.0,1.22,14.75,2.17,19.0,2.74,cycling
58,14500,40.0,4.18,17.0,1.58,21.5,2.87,cycling
59,14750,31.5,3.35,21.0,3.56,24.67,0.94,cycling
60,15000,30.25,5.85,20.25,2.95,19.75,3.03,cycling
61,15250,33.0,5.2,18.75,3.9,17.5,4.15,cycling
62,15500,39.0,0.82,15.67,4.99,22.0,1.0,cycling
63,15750,40.75,1.3,13.0,3.16,12.67,7.36,cycling
64,16000,39.0,2.16,16.67,3.4,20.0,4.06,cycling
65,16250,33.75,3.11,24.0,1.41,19.5,4.97,cycling
66,16500,34.25,6.38,20.0,3.24,17.5,0.87,cycling
67,16750,36.75,2.49,19.25,4.76,12.25,7.15,cycling
68,17000,39.33,2.49,15.0,0.0,16.0,5.74,cycling
69,17250,38.33,1.25,17.33,3.68,25.0,2.45,cycling
70,17500,30.5,3.64,26.33,0.94,21.67,4.5,cycling
71,17750,33.75,4.49,21.75,1.3,21.5,1.12,cycling
72,18000,38.5,0.87,20.0,2.16,14.0,6.16,cycling
73,18250,41.33,0.47,13.67,0.94,19.5,4.5,cycling
74,18500,40.0,1.63,13.75,3.27,19.0,5.1,cycling
75,18750,32.75,4.44,28.0,0.82,25.0,2.16,cycling
76,19000,29.67,4.92,19.33,1.25,21.25,1.92,cycling
77,19250,37.75,1.09,18.0,4.74,12.0,5.52,cycling
78,19500,39.0,0.71,16.75,4.76,21.25,3.27,cycling
79,19750,42.0,1.0,15.0,2.55,12.25,6.76,cycling
80,20000,31.67,3.68,20.0,2.83,23.0,1.58,cycling
81,20250,28.75,3.27,25.0,1.41,19.0,2.83,cycling
82,20500,35.67,2.05,21.67,3.3,20.0,1.22,cycling
83,20750,38.5,0.87,19.33,3.86,11.0,3.0,cycling
84,21000,40.0,1.22,13.5,4.72,20.25,3.9,cycling
85,21250,41.0,1.0,10.0,0.0,22.0,3.0,cycling
86,21500,34.0,4.6,21.0,4.95,26.33,2.49,cycling
87,21750,30.67,6.55,16.67,8.34,19.75,1.3,cycling
88,22000,35.25,3.11,17.75,2.59,15.0,3.08,cycling
89,22250,38.75,0.43,14.75,8.9,21.5,2.6,cycling
90,22500,41.5,0.5,12.5,1.8,13.0,6.4,cycling
91,22750,37.0,3.74,20.33,3.3,23.5,1.66,cycling
92,23000,29.25,3.96,24.25,2.49,16.5,3.2,cycling
93,23250,32.75,5.21,19.5,4.5,19.5,1.5,cycling
94,23500,38.25,0.83,16.25,6.1,9.75,4.6,cycling
95,23750,39.33,1.25,12.25,7.29,20.33,7.41,cycling
96,24000,39.5,1.5,17.5,2.5,18.0,3.0,cycling
97,24250,37.0,2.83,25.67,1.25,26.25,3.11,cycling
98,24500,34.33,3.3,22.0,0.82,16.25,3.27,cycling
99,24750,37.5,3.35,21.75,4.15,15.0,3.0,cycling
100,25000,37.5,0.87,18.75,3.56,18.75,4.44,cycling
101,25250,40.5,1.5,13.5,1.12,13.75,6.34,cycling
102,25500,40.25,2.05,17.5,4.27,22.0,5.15,cycling
103,25750,33.25,3.49,25.0,1.22,21.75,3.77,cycling
104,26000,34.25,6.5,17.0,2.0,21.0,0.0,cycling
105,26250,38.5,0.5,17.0,1.0,12.67,2.05,cycling
106,26500,39.25,0.43,16.25,4.09,22.5,2.6,cycling
107,26750,42.33,0.94,14.0,1.63,17.33,7.41,cycling
108,27000,38.25,1.79,18.0,5.39,25.5,2.06,cycling
109,27250,34.67,2.62,22.75,1.64,15.33,1.7,cycling
110,27500,31.0,5.34,17.5,4.15,19.0,2.45,cycling
111,27750,35.25,3.11,14.75,8.04,14.75,1.64,cycling
112,28000,38.5,0.5,18.0,4.24,21.5,2.6,cycling
113,28250,41.0,1.58,13.5,2.06,12.5,7.83,cycling
114,28500,34.5,5.17,20.5,3.2,24.0,3.08,cycling
115,28750,32.5,2.29,24.5,1.5,18.5,3.35,cycling
116,29000,36.75,3.27,19.0,7.12,16.0,2.83,cycling
117,29250,38.0,0.71,20.67,2.36,18.5,0.5,cycling
118,29500,37.67,1.25,15.0,5.34,20.67,2.49,cycling
119,29750,40.5,1.66,11.0,5.61,16.75,5.07,cycling
120,30000,38.0,5.66,20.0,0.0,18.33,4.64,cycling
121,30250,34.5,3.2,25.5,1.5,18.5,4.92,cycling
122,30500,29.5,7.79,21.75,2.49,19.25,3.7,cycling
123,30750,31.75,5.21,20.5,2.06,16.75,4.92,cycling
124,31000,38.0,1.22,17.25,4.44,20.25,6.5,cycling
125,31250,41.0,1.22,11.75,6.02,17.5,3.77,cycling
126,31500,37.0,3.24,17.25,3.96,26.5,2.5,cycling
127,31750,32.75,3.27,25.25,0.83,22.5,4.03,cycling
128,32000,34.5,7.5,21.0,2.49,19.75,1.79,cycling
129,32250,34.0,4.06,19.0,1.0,15.0,0.0,cycling
130,32500,38.67,0.47,17.75,4.82,21.33,2.36,cycling
131,32750,41.75,0.43,13.25,3.03,13.75,4.76,cycling
132,33000,31.0,2.6,22.0,3.46,20.0,4.69,cycling
133,33250,28.0,2.16,19.0,0.82,17.5,3.57,cycling
134,33500,32.5,5.55,17.75,3.9,18.25,2.68,cycling
135,33750,37.5,1.5,18.25,4.92,13.0,2.16,cycling
136,34000,41.5,0.5,15.5,2.87,18.0,3.67,cycling
137,34250,40.75,2.77,18.0,0.0,24.0,0.0,cycling
138,34500,35.0,3.08,21.75,2.49,26.25,0.83,cycling
139,34750,30.67,0.94,23.5,0.87,13.5,3.5,cycling
140,35000,31.0,8.86,19.5,4.97,19.25,0.83,cycling
141,35250,28.67,6.13,22.0,0.82,15.25,3.9,cycling
142,35500,37.5,1.5,18.75,3.42,20.0,4.18,cycling
143,35750,41.5,1.5,15.75,3.34,15.5,6.5,cycling
144,36000,37.5,3.2,20.0,2.74,25.75,2.28,cycling
145,36250,35.0,3.0,23.75,1.79,16.5,6.54,cycling
146,36500,28.0,7.04,21.0,0.0,14.33,3.3,cycling
147,36750,36.25,5.72,18.0,3.0,15.0,7.35,cycling
148,37000,36.0,3.54,18.5,3.5,13.0,2.12,cycling
149,37250,38.33,0.94,18.25,3.27,12.33,7.59,cycling
150,37500,40.5,1.5,11.25,1.92,19.75,3.03,cycling
151,37750,35.33,4.11,19.67,0.94,22.0,3.24,cycling
152,38000,35.25,1.48,22.0,1.22,23.0,5.79,cycling
153,38250,30.25,0.83,17.0,1.22,14.0,4.74,cycling
154,38500,39.33,2.05,20.33,0.94,17.5,2.96,cycling
155,38750,36.5,2.29,17.75,2.95,13.5,4.03,cycling
156,39000,39.0,0.0,18.5,3.04,19.0,6.96,cycling
157,39250,40.75,1.3,15.67,2.87,17.75,3.03,cycling
158,39500,36.5,2.96,21.25,2.05,24.5,2.69,cycling
159,39750,34.0,2.74,24.33,0.47,13.67,9.57,cycling
160,40000,31.0,1.41,19.0,1.87,15.33,4.03,cycling
161,40250,38.0,1.41,19.75,3.63,19.67,1.25,cycling
162,40500,36.33,3.09,18.33,3.09,13.25,1.92,cycling
163,40750,39.0,0.0,20.25,2.49,19.5,4.03,cycling
164,41000,41.5,0.87,17.0,2.12,17.25,4.44,cycling
165,41250,35.5,4.5,20.5,2.5,18.0,3.67,cycling
166,41500,33.0,4.9,23.75,1.79,20.0,8.4,cycling
167,41750,31.0,0.71,20.5,2.29,16.67,3.3,cycling
168,42000,36.0,5.61,19.0,2.92,17.25,3.34,cycling
169,42250,36.75,2.28,18.75,3.27,14.75,2.17,cycling
170,42500,38.75,0.43,19.0,3.24,19.25,4.44,cycling
171,42750,41.0,1.22,14.5,0.87,15.75,5.12,cycling
172,43000,40.25,2.49,17.75,2.86,19.75,6.14,cycling
173,43250,35.5,1.66,23.0,1.22,22.25,8.81,cycling
174,43500,31.5,1.5,22.0,1.63,12.0,7.79,cycling
175,43750,31.0,6.82,15.0,2.24,22.0,1.0,cycling
176,44000,33.0,5.61,19.75,1.79,18.75,2.49,cycling
177,44250,36.5,0.87,21.25,2.28,14.25,2.49,cycling
178,44500,39.0,0.0,15.75,1.3,23.0,1.41,cycling
179,44750,42.0,0.0,14.33,2.62,12.5,4.5,cycling
180,45000,38.25,6.5,18.0,3.94,16.75,4.44,cycling
181,45250,34.33,1.7,24.0,1.41,21.67,2.62,cycling
182,45500,31.25,1.09,19.25,1.09,15.0,5.2,cycling
183,45750,29.25,7.26,18.25,1.3,19.5,2.69,cycling
184,46000,34.5,9.71,18.25,7.73,17.75,4.6,cycling
185,46250,34.5,2.6,18.25,3.9,14.25,3.9,cycling
186,46500,37.75,1.3,13.25,4.76,20.25,3.77,cycling
187,46750,41.75,0.43,13.75,2.49,15.25,2.95,cycling
188,47000,38.25,2.49,19.67,1.25,25.0,2.94,cycling
189,47250,35.0,3.74,22.25,2.05,7.67,4.19,cycling
190,47500,33.5,3.84,17.5,0.87,17.25,3.9,cycling
191,47750,38.0,2.35,21.0,0.82,16.33,3.86,cycling
192,48000,38.0,0.82,18.0,3.67,13.67,1.25,cycling
193,48250,39.25,0.43,16.0,3.74,20.75,2.49,cycling
194,48500,37.67,0.94,12.33,0.47,21.75,1.92,cycling
195,48750,40.75,1.3,10.75,5.07,17.5,2.29,cycling
196,49000,32.25,3.9,21.75,2.49,21.0,3.67,cycling
197,49250,31.67,1.25,22.33,1.7,13.5,6.54,cycling
198,49500,36.5,2.87,18.75,3.83,14.75,3.9,cycling
199,49750,34.0,4.06,19.0,1.58,13.25,1.64,cycling
200,50000,38.25,1.3,20.0,2.12,21.0,2.55,cycling
201,50250,41.0,1.22,15.75,1.92,13.5,6.69,cycling
202,50500,38.0,5.83,16.75,4.09,16.0,5.05,cycling
203,50750,34.75,2.17,23.75,1.09,20.0,5.34,cycling
204,51000,29.0,4.74,20.67,2.05,19.5,0.5,cycling
205,51250,30.75,8.07,18.0,3.54,19.75,1.48,cycling
206,51500,32.0,7.12,18.25,2.77,15.0,2.45,cycling
207,51750,37.5,1.12,18.25,3.83,19.33,2.62,cycling
208,52000,40.25,1.79,12.5,2.6,19.25,4.92,cycling
209,52250,41.25,1.3,15.75,5.31,13.75,2.49,cycling
210,52500,35.25,2.49,23.25,1.92,21.75,5.76,cycling
211,52750,27.0,4.24,18.33,4.5,16.75,5.49,cycling
212,53000,32.0,7.12,21.0,0.82,19.0,1.58,cycling
213,53250,35.25,3.27,18.5,4.39,13.0,4.97,cycling
214,53500,39.0,0.0,18.25,3.19,19.5,0.5,cycling
215,53750,41.0,1.22,15.67,1.7,14.5,2.6,cycling
216,54000,39.0,2.12,17.5,4.97,25.75,2.86,cycling
217,54250,32.75,2.68,22.0,2.45,18.25,5.85,cycling
218,54500,32.33,2.62,13.5,1.5,17.5,2.5,cycling
219,54750,36.0,3.0,16.5,0.5,19.0,0.0,cycling
220,55000,37.67,1.25,17.0,2.16,20.5,0.5,cycling
221,55250,41.75,1.09,16.25,2.49,18.0,3.67,cycling
222,55500,42.67,1.7,13.33,5.56,12.0,4.95,cycling
223,55750,36.75,2.49,22.0,2.74,22.75,6.3,cycling
224,56000,29.75,2.17,17.25,4.44,16.75,3.63,cycling
225,56250,31.0,9.67,14.0,5.89,18.67,0.94,cycling
226,56500,32.0,5.66,18.0,3.54,14.0,4.0,cycling
227,56750,38.33,1.7,19.67,1.89,18.25,2.28,cycling
228,57000,42.25,1.48,15.33,2.05,17.25,3.9,cycling
229,57250,36.0,4.24,19.25,3.27,25.75,2.77,cycling
230,57500,32.25,2.28,19.5,2.96,15.25,5.63,cycling
231,57750,34.75,3.03,16.25,4.09,16.75,3.27,cycling
232,58000,36.75,2.28,14.75,7.36,14.5,0.5,cycling
233,58250,39.25,0.43,14.75,5.07,17.25,2.59,cycling
234,58500,41.5,0.5,9.5,2.29,10.25,3.27,cycling
235,58750,39.5,3.77,14.75,4.49,20.25,6.83,cycling
236,59000,33.67,3.3,19.67,3.4,25.5,1.5,cycling
237,59250,32.0,4.85,13.25,5.67,19.25,1.09,cycling
238,59500,31.0,6.48,22.0,1.41,18.0,0.0,cycling
239,59750,37.5,1.12,19.75,2.59,14.25,7.56,cycling
240,60000,40.33,1.25,13.5,3.2,19.33,3.77,cycling
241,60250,42.0,0.82,15.0,1.22,20.33,2.62,cycling
242,60500,35.75,2.86,20.0,2.83,24.67,2.62,cycling
243,60750,33.0,1.87,22.25,1.3,15.67,2.62,cycling
244,61000,30.5,5.5,14.5,6.5,18.0,5.2,cycling
245,61250,29.25,6.83,17.25,3.77,15.75,3.7,cycling
246,61500,37.25,1.3,19.5,4.5,20.5,2.06,cycling
247,61750,39.5,1.5,14.0,1.22,13.5,7.63,cycling
248,62000,42.25,0.43,13.33,4.5,18.5,4.03,cycling
249,62250,37.0,2.45,22.75,2.77,24.25,7.15,cycling
250,62500,31.0,1.87,19.5,5.02,17.5,2.29,cycling
251,62750,34.25,3.63,19.5,3.2,17.5,2.87,cycling
252,63000,37.0,1.22,16.33,4.19,17.0,2.45,cycling
253,63250,39.25,0.43,19.25,3.03,21.0,0.0,cycling
254,63500,42.0,0.82,14.33,0.94,12.33,5.79,cycling
255,63750,40.67,1.25,16.25,4.26,20.67,2.87,cycling
256,64000,34.75,2.05,23.25,1.3,24.75,2.86,cycling
257,64250,31.25,1.3,21.0,1.0,15.0,2.94,cycling
258,64500,39.0,2.45,21.33,2.05,15.33,2.05,cycling
259,64750,36.75,0.83,19.25,3.03,16.5,3.57,cycling
260,65000,39.25,0.43,19.0,3.81,19.75,0.83,cycling
261,65250,41.25,1.3,13.25,1.92,17.5,0.87,cycling
262,65500,38.75,5.07,17.67,1.89,20.0,4.36,cycling
263,65750,34.5,2.6,23.67,1.25,23.5,3.5,cycling
264,66000,31.33,0.94,21.67,0.47,17.5,0.5,cycling
265,66250,31.0,8.99,17.25,6.61,20.2,1.94,cycling
266,66500,34.0,5.87,17.75,4.32,15.5,2.6,cycling
267,66750,40.25,1.3,17.25,5.36,21.5,0.87,cycling
268,67000,42.25,0.43,15.75,2.28,14.33,2.49,cycling
269,67250,36.0,4.9,17.5,3.57,21.67,1.7,cycling
270,67500,32.0,2.83,21.5,2.6,20.33,4.11,cycling
271,67750,35.4,3.38,18.75,2.59,16.4,3.01,cycling
272,68000,34.67,3.4,21.0,3.0,16.0,3.0,cycling
273,68250,38.67,0.47,18.67,6.13,20.25,3.27,cycling
274,68500,40.5,1.12,16.67,2.36,21.25,4.76,cycling
275,68750,41.75,0.43,13.67,1.25,16.5,4.03,cycling
276,69000,35.67,2.05,20.0,2.94,25.5,6.1,cycling
277,69250,34.25,2.77,20.33,4.11,19.67,7.85,cycling
278,69500,37.5,3.35,21.5,2.87,18.0,1.41,cycling
279,69750,34.5,3.2,19.0,2.35,15.67,4.78,cycling
280,70000,39.5,0.5,17.75,3.96,19.0,1.58,cycling
281,70250,41.75,1.09,13.33,1.25,16.33,2.36,cycling
282,70500,38.25,2.49,20.0,0.82,23.33,3.3,cycling
283,70750,37.0,1.41,24.25,0.43,25.0,5.1,cycling
284,71000,30.0,0.0,19.67,2.49,8.0,2.12,cycling
285,71250,34.6,6.56,17.4,3.67,11.5,4.09,cycling
286,71500,36.33,0.47,15.0,0.0,15.25,7.98,cycling
287,71750,39.33,0.47,10.67,4.5,16.25,4.55,cycling
288,72000,42.0,0.0,15.0,5.24,18.0,4.47,cycling
289,72250,37.25,1.79,18.75,4.44,21.25,3.7,cycling
290,72500,31.25,1.79,23.5,1.5,11.25,3.96,cycling
291,72750,37.5,1.5,20.0,2.16,15.33,2.87,cycling
292,73000,38.25,1.09,15.25,7.08,12.0,5.24,cycling
293,73250,43.0,1.22,7.5,4.5,14.0,2.0,cycling
294,73500,39.0,3.67,7.4,4.03,21.6,2.33,cycling
295,73750,32.25,4.44,9.0,4.24,16.0,2.83,cycling
296,74000,24.33,3.3,11.33,2.05,19.33,5.25,cycling
297,74250,34.67,7.59,13.67,5.25,14.25,6.76,cycling
298,74500,34.75,3.34,17.75,3.96,16.75,3.96,cycling
299,74750,40.25,0.83,13.0,2.94,15.33,2.05,cycling
300,75000,41.25,1.3,18.25,3.7,19.0,1.41,cycling
301,75250,36.5,2.29,13.33,4.71,21.0,1.87,cycling
302,75500,26.33,5.25,12.75,4.66,13.33,8.73,cycling
303,75750,33.25,9.63,14.75,7.19,13.25,3.49,cycling
304,76000,31.5,8.08,13.67,6.18,15.67,5.73,cycling
305,76250,38.33,0.47,13.25,2.38,11.5,0.5,cycling
306,76500,42.25,0.43,13.0,2.74,20.33,0.94,cycling
307,76750,31.0,2.94,16.33,5.25,19.25,1.3,cycling
308,77000,27.0,5.61,15.25,5.36,20.25,4.92,cycling
309,77250,34.75,1.79,18.25,3.7,17.5,4.61,cycling
310,77500,37.25,1.64,18.75,2.17,15.25,2.17,cycling
311,77750,42.67,0.94,11.67,0.47,18.0,1.87,cycling
312,78000,37.75,5.8,14.33,2.05,18.0,2.45,cycling
313,78250,31.25,5.07,16.0,4.06,17.0,2.12,cycling
314,78500,25.67,1.7,19.75,2.77,24.0,4.24,cycling
315,78750,33.0,7.58,20.5,3.2,17.75,6.02,cycling
316,79000,38.5,1.5,17.33,0.94,17.75,5.63,cycling
317,79250,41.67,0.47,14.0,2.16,13.0,2.83,cycling
318,79500,37.25,3.7,16.25,1.09,18.0,3.67,cycling
319,79750,32.75,3.9,19.33,1.25,11.0,1.41,cycling
320,80000,29.5,7.37,17.25,7.26,18.75,5.36,cycling
321,80250,34.25,3.7,21.0,3.67,18.5,4.5,cycling
322,80500,38.75,1.79,16.75,3.49,24.75,2.49,cycling
323,80750,41.75,1.64,17.25,2.28,21.0,3.08,cycling
324,81000,34.5,4.5,20.0,3.24,21.0,1.87,cycling
325,81250,31.0,3.08,23.75,2.17,15.0,3.0,cycling
326,81500,36.5,4.82,17.0,2.16,15.67,5.56,cycling
327,81750,33.75,3.9,18.25,1.79,13.25,3.27,cycling
328,82000,39.0,0.82,18.0,3.94,19.0,2.94,cycling
329,82250,41.25,1.48,13.0,2.74,15.5,4.39,cycling
330,82500,37.75,3.42,16.0,2.74,20.0,5.34,cycling
331,82750,36.0,2.16,24.0,0.0,23.75,6.8,cycling
332,83000,34.0,4.74,20.0,2.12,18.0,4.24,cycling
333,83250,32.0,6.82,20.5,3.35,15.75,2.86,cycling
334,83500,38.5,0.87,20.25,1.3,20.75,1.64,cycling
335,83750,41.25,0.83,13.67,4.19,17.33,3.3,cycling
336,84000,38.5,2.06,17.5,1.5,23.0,3.39,cycling
337,84250,35.0,3.67,24.0,0.0,20.25,5.76,cycling
338,84500,23.33,8.06,16.5,8.02,18.0,4.9,cycling
339,84750,30.5,9.53,20.67,1.89,18.25,2.95,cycling
340,85000,36.5,2.29,20.75,1.09,15.25,2.17,cycling
341,85250,40.67,0.94,17.67,0.47,22.0,2.12,cycling
342,85500,41.8,0.4,13.8,4.96,17.75,2.86,cycling
343,85750,35.33,3.3,20.33,2.62,25.25,1.48,cycling
344,86000,33.33,3.4,23.25,1.3,19.0,1.41,cycling
345,86250,37.0,3.61,19.5,2.96,15.0,6.36,cycling
346,86500,36.0,0.0,18.0,5.79,16.0,3.39,cycling
347,86750,39.75,1.3,16.0,4.18,19.25,6.02,cycling
348,87000,42.0,0.0,15.5,2.29,15.25,2.95,cycling
349,87250,34.5,5.32,17.5,5.89,19.25,10.64,cycling
350,87500,32.75,2.17,23.0,1.22,15.0,7.48,cycling
351,87750,30.5,7.02,19.25,3.49,16.0,5.1,cycling
352,88000,30.25,8.84,14.75,8.55,15.5,7.3,cycling
353,88250,37.25,1.3,18.25,3.9,17.25,3.27,cycling
354,88500,41.25,1.3,11.0,1.41,17.67,2.87,cycling
355,88750,39.5,2.87,13.33,7.32,19.75,4.44,cycling
356,89000,35.25,3.27,22.5,1.12,20.25,5.8,cycling
357,89250,31.0,6.44,15.5,1.5,15.75,5.36,cycling
358,89500,30.0,7.26,19.0,6.12,18.0,2.45,cycling
359,89750,35.33,1.7,20.5,1.5,15.33,1.89,cycling
360,90000,39.5,1.5,15.25,4.71,18.25,3.27,cycling
361,90250,40.67,1.25,14.0,2.0,21.0,2.0,cycling
362,90500,37.25,1.48,24.0,1.87,21.0,10.56,cycling
363,90750,31.75,2.49,23.25,3.27,19.25,2.05,cycling
364,91000,35.5,3.28,19.25,5.89,15.25,3.27,cycling
365,91250,37.25,1.3,16.5,5.12,19.5,3.35,cycling
366,91500,39.75,1.3,12.75,3.11,21.25,5.93,cycling
367,91750,41.25,1.92,18.0,0.82,18.25,4.15,cycling
368,92000,37.25,1.3,25.0,4.58,25.25,5.36,cycling
369,92250,30.0,3.54,28.25,3.63,17.25,3.03,cycling
370,92500,32.0,8.4,22.75,2.86,22.5,2.6,cycling
371,92750,34.0,4.06,19.75,4.6,16.0,7.11,cycling
372,93000,39.75,1.48,20.33,0.47,21.33,2.49,cycling
373,93250,40.0,1.58,13.5,2.29,22.75,3.34,cycling
374,93500,37.0,1.41,28.0,2.45,21.67,11.09,cycling
375,93750,29.67,2.05,25.0,2.83,17.25,2.59,cycling
376,94000,33.0,5.66,20.0,3.74,17.5,3.35,cycling
377,94250,36.0,1.87,17.0,5.0,19.0,3.74,cycling
378,94500,39.75,0.83,14.75,1.79,22.5,2.6,cycling
379,94750,41.75,0.43,11.75,5.17,16.75,2.28,cycling
380,95000,38.5,3.91,14.33,3.4,22.0,2.45,cycling
381,95250,35.25,1.92,27.75,2.49,21.25,3.34,cycling
382,95500,30.25,1.09,26.25,3.9,17.25,2.86,cycling
383,95750,35.25,4.82,22.5,3.57,20.5,2.29,cycling
384,96000,36.0,0.82,18.67,6.34,14.5,5.89,cycling
385,96250,39.0,1.87,22.0,1.58,23.75,3.49,cycling
386,96500,42.0,0.0,18.0,1.87,11.0,2.94,cycling
387,96750,35.75,4.6,22.5,1.5,22.33,4.11,cycling
388,97000,31.25,2.77,28.5,1.12,16.5,2.69,cycling
389,97250,32.33,2.62,22.0,3.54,16.33,1.89,cycling
390,97500,32.67,5.44,21.0,2.45,18.0,2.12,cycling
391,97750,36.0,2.12,18.0,4.3,17.0,4.74,cycling
392,98000,39.0,1.87,16.5,1.5,23.0,3.0,cycling
393,98250,40.25,2.49,10.75,4.09,14.0,8.8,cycling
394,98500,35.5,2.18,26.75,3.49,24.25,6.53,cycling
395,98750,31.75,2.49,26.75,1.09,15.67,2.62,cycling
396,99000,34.0,4.24,22.5,1.66,18.0,3.67,cycling
397,99250,29.5,8.44,18.33,4.5,23.33,0.94,cycling
398,99500,35.25,1.3,21.0,4.24,22.67,2.62,cycling
399,99750,41.0,1.22,17.5,1.8,22.0,4.97,cycling
400,100000,40.67,1.25,15.75,2.28,19.0,2.83,cycling
401,100250,36.75,1.3,27.0,1.87,24.5,4.5,cycling
402,100500,30.33,0.47,24.67,1.25,10.5,3.2,cycling
403,100750,36.75,4.44,20.25,3.56,17.25,1.48,cycling
404,101000,37.25,0.83,13.5,8.08,19.5,2.69,cycling
405,101250,38.5,0.5,14.25,5.76,21.5,0.5,cycling
406,101500,41.5,1.12,7.0,3.94,19.0,1.22,cycling
407,101750,37.75,1.92,15.25,4.38,22.5,4.72,cycling
408,102000,35.5,2.87,26.75,1.79,22.33,5.44,cycling
409,102250,31.25,0.83,22.5,4.5,15.75,3.34,cycling
410,102500,32.0,6.93,22.5,1.66,21.0,1.41,cycling
411,102750,35.5,4.97,15.5,4.82,17.25,3.96,cycling
412,103000,40.25,1.3,11.0,2.83,20.75,2.17,cycling
413,103250,40.0,2.45,12.5,3.64,21.0,3.08,cycling
414,103500,34.75,2.77,23.5,3.35,24.75,3.9,cycling
415,103750,35.0,2.74,22.25,1.79,17.25,3.11,cycling
416,104000,37.5,2.6,20.25,8.32,18.5,1.5,cycling
417,104250,38.5,0.5,20.5,0.5,18.5,0.5,cycling
418,104500,39.0,0.71,15.67,5.19,21.25,0.43,cycling
419,104750,41.5,0.87,9.5,3.04,12.25,2.49,cycling
420,105000,33.33,3.68,15.0,2.45,20.5,2.5,cycling
421,105250,37.0,1.41,25.5,1.5,24.0,8.49,cycling
422,105500,26.5,4.5,20.5,4.5,17.0,2.45,cycling
423,105750,35.33,8.06,23.0,2.45,20.5,2.29,cycling
424,106000,33.0,7.58,16.33,4.19,13.0,5.1,cycling
425,106250,41.25,1.09,19.67,1.89,23.0,1.63,cycling
426,106500,42.0,0.71,17.33,2.05,16.75,3.63,cycling
427,106750,35.5,3.57,19.25,1.64,21.25,1.64,cycling
428,107000,32.75,2.17,23.75,0.43,21.75,1.92,cycling
429,107250,34.5,3.35,18.75,3.49,15.33,5.31,cycling
430,107500,30.0,6.96,15.67,3.68,16.67,3.3,cycling
431,107750,37.25,0.83,19.0,5.1,20.5,2.87,cycling
432,108000,40.5,1.5,16.75,1.3,19.25,2.77,cycling
433,108250,40.0,2.45,16.0,5.79,22.0,2.0,cycling
434,108500,34.5,3.35,28.33,1.25,22.67,3.86,cycling
435,108750,34.0,2.83,26.33,2.49,19.0,1.58,cycling
436,109000,32.0,4.55,20.0,1.73,20.0,2.16,cycling
437,109250,38.2,1.94,19.75,5.31,19.2,6.21,cycling
438,109500,42.0,0.0,14.25,2.59,25.67,1.25,cycling
439,109750,42.33,0.94,13.33,3.4,16.75,1.3,cycling
440,110000,38.0,1.41,11.5,0.5,17.67,11.15,cycling
441,110250,35.0,3.67,28.33,1.25,23.0,4.97,cycling
442,110500,37.25,4.02,24.75,2.28,14.75,3.56,cycling
443,110750,35.0,1.41,20.67,2.49,17.5,5.5,cycling
444,111000,37.75,0.83,17.67,6.94,20.83,4.22,cycling
445,111250,41.5,1.12,11.5,4.61,17.33,6.02,cycling
446,111500,38.5,2.29,12.0,3.0,22.33,3.09,cycling
447,111750,34.5,3.35,26.5,1.5,23.25,5.12,cycling
448,112000,32.0,2.45,25.25,1.79,19.75,1.64,cycling
449,112250,37.0,1.41,19.5,3.77,18.0,2.45,cycling
450,112500,32.0,6.82,13.67,7.54,15.0,2.45,cycling
451,112750,40.5,1.66,13.5,5.17,21.0,0.0,cycling
452,113000,43.5,1.5,19.33,1.7,13.0,1.41,cycling
453,113250,33.33,3.77,21.0,5.1,22.5,3.35,cycling
454,113500,32.5,2.87,27.5,0.5,18.75,3.27,cycling
455,113750,32.75,4.71,20.0,3.67,17.25,3.27,cycling
456,114000,28.5,9.63,19.25,1.3,21.25,1.92,cycling
457,114250,36.5,2.29,18.67,3.3,20.67,0.47,cycling
458,114500,41.0,0.82,9.5,1.8,20.0,5.66,cycling
459,114750,40.0,4.0,10.5,4.39,19.0,4.85,cycling
460,115000,33.0,4.24,21.75,4.97,26.67,0.47,cycling
461,115250,30.0,0.0,25.5,1.5,18.0,2.45,cycling
462,115500,38.0,2.45,21.25,3.83,16.75,1.92,cycling
463,115750,33.75,4.44,13.5,6.8,14.5,4.5,cycling
464,116000,37.0,1.0,17.5,2.5,22.0,1.87,cycling
465,116250,38.0,1.0,12.5,2.5,20.0,3.74,cycling
466,116500,38.75,3.49,14.5,3.35,23.67,2.05,cycling
467,116750,33.0,3.27,22.5,4.39,26.5,3.91,cycling
468,117000,32.25,2.28,23.0,1.41,14.0,4.53,cycling
469,117250,37.0,2.74,21.0,6.52,15.25,3.34,cycling
470,117500,38.0,1.22,12.33,8.38,20.0,1.41,cycling
471,117750,40.5,1.5,15.2,5.04,18.2,3.66,cycling
472,118000,39.0,2.45,11.5,0.5,23.0,2.16,cycling
473,118250,33.75,4.44,18.0,4.9,24.0,3.27,cycling
474,118500,31.5,4.72,20.75,5.63,17.25,2.86,cycling
475,118750,35.0,3.0,21.5,2.5,15.75,7.76,cycling
476,119000,40.25,2.49,19.75,3.27,21.5,2.29,cycling
477,119250,41.5,0.87,12.75,4.44,17.75,2.38,cycling
478,119500,33.33,6.18,15.5,3.77,17.0,4.32,cycling
